UnHalted Core Cycles,cycles:u,1213692,1205354,1175698,1196885,1209679,1188823,1210338,1159407,1235019,1211531,1230978,1235691,1236885,1203451,1235338,1197567,1182856,1550672,1238132,1206868,1228748,1188563,1237599,1226565,1210823,1235362,1184382,1214330,1235571,1200224,1173383,1201458,1210281,1159607,1220513,1219457,1175141,1162808,1178098,1142963,0.380007406541
UnHalted Reference Cycles,bus-cycles:u,75859,67023,73480,74806,75608,74304,75649,72463,36324,75722,76939,77233,77304,75217,77211,74848,42241,96923,77382,35494,76798,74284,77350,76662,75678,77209,74022,75896,77221,75015,73336,75094,75639,72476,76282,35866,73448,72675,73634,71439,0.0827354061864
Instruction Retired,instructions:u,676920,676903,676903,676904,676903,676903,676903,676903,676903,676903,676913,676942,676920,676943,676920,676942,676920,676925,676903,676903,676903,676903,676903,676903,676903,676903,676913,676920,676920,676920,676942,676942,676920,676903,676903,676903,676904,676903,676925,676925,0.134622889009
LLC Reference,cache-references:u,1679,1580,1595,1656,1576,1618,1587,1581,1554,1582,1587,1611,1627,1586,1565,1614,1633,1629,1587,1592,1606,1593,1612,1596,1636,1638,1643,1619,1621,1607,1587,1609,1628,1648,1574,1636,1638,1647,1587,1651,-0.0927335027868
LLC Misses,cache-misses:u,2,1,2,2,1,2,0,1,4,1,1,0,1,2,0,1,2,2,1,4,1,3,1,1,1,2,1,2,2,2,1,1,2,1,2,3,2,2,1,2,-0.143803550958
Branch Instruction Retired,branch-instructions:u,82605,82601,82601,82602,82601,82601,82601,82601,82601,82601,82602,82605,82605,82605,82605,82605,82605,82601,82601,82601,82601,82601,82601,82601,82601,82601,82602,82605,82605,82605,82605,82605,82605,82601,82601,82601,82602,82601,82601,82601,0.0812950715254
Branch Misses Retired,branch-misses:u,1519,1517,1506,1513,1515,1515,1523,1521,1495,1519,1511,1517,1520,1504,1519,1424,1407,1498,1517,1364,1514,1425,1512,1523,1518,1518,1515,1513,1519,1495,1517,1517,1511,1521,1381,1387,1515,1520,1512,1426,-0.126362881565
LD_BLOCKS.STORE_FORWARD,r0203:u,0,0,0,0,0,0,0,0,0,0,1,0,0,0,0,0,0,0,1,0,0,0,0,1,0,0,0,0,0,0,0,0,0,0,0,0,0,1,0,1,0.159871220988
MISALIGN_MEM_REF.LOADS,r0105:u,0,0,2,0,1,0,1,0,4,0,1,1,1,1,1,1,1,1,1,1,1,4,1,0,1,1,1,1,1,1,1,1,1,1,4,2,1,1,1,1,-0.00979591209624
MISALIGN_MEM_REF.STORES,r0205:u,3,3,4,3,3,3,3,3,3,4,3,2,2,2,2,2,2,2,2,2,2,4,2,2,2,2,2,2,2,2,3,3,3,2,1,3,2,2,2,2,-0.347722384837
LD_BLOCKS_PARTIAL.ADDRESS_ALIAS,r0107:u,55,56,62,59,63,62,60,58,66,63,196520,196571,196553,196567,196460,196533,196524,196568,196631,196489,196549,157235,196497,196459,196491,196483,69,64,62,61,64,64,66,69,80,69,62,73,63,59,1.0
DTLB_LOAD_MISSES.MISS_CAUSES_A_WALK,r8108:u,347,347,357,352,345,350,351,351,350,344,346,347,348,350,350,351,347,350,349,347,352,352,348,352,347,346,346,345,348,349,353,356,350,347,341,349,350,348,346,347,0.0160825847947
DTLB_LOAD_MISSES.WALK_COMPLETED,r8208:u,279,277,284,282,278,281,284,281,284,275,280,278,279,280,280,279,279,282,281,280,281,279,278,279,276,276,278,277,279,280,283,282,280,279,284,283,281,282,276,278,-0.228725497143
DTLB_LOAD_MISSES.WALK_DURATION,r8408:u,6492,6415,6535,6498,6348,6545,6576,6494,6568,6319,6461,6438,6385,6455,6458,6436,6416,6423,6424,6467,6443,6580,6429,6403,6411,6434,6354,6401,6410,6464,6452,6506,6391,6424,6583,6402,6411,6383,6330,6419,-0.0610131991921
UOPS_ISSUED.ANY,r010E:u,820957,820814,820002,821323,819644,821368,820466,821155,817957,820410,819591,820854,821189,821208,820925,820994,820200,821624,821428,820362,821277,819855,819323,821793,820572,820594,820835,820724,820750,821180,821461,820983,821387,821111,811950,820281,821545,821458,821113,821293,0.103970364106
UOPS_ISSUED.FLAGS_MERGE,r100E:u,11,11,12,11,11,11,11,12,14,11,11,11,11,11,12,11,11,11,11,12,12,12,11,11,11,11,11,11,11,12,12,12,11,11,14,13,11,11,11,11,-0.195009234124
UOPS_ISSUED.SLOW_LEA,r200E:u,1023,1024,1005,1021,1013,1010,1017,1013,1024,1019,972,1018,1029,1021,1016,1019,1018,1027,1030,1020,1021,1029,1015,1018,1022,1010,1028,1028,1031,1028,1021,1025,1020,1018,961,1007,1007,1028,1010,1026,0.0223765092439
UOPS_ISSUED.SiNGLE_MUL,r400E:u,0,0,0,0,0,0,0,0,0,0,0,0,0,0,0,0,0,0,0,0,0,0,0,0,0,0,0,0,0,0,0,0,0,0,0,0,0,0,0,0,nan
ARITH.FPU_DIV_ACTIVE,r0114:u,1470,1454,1431,1465,1431,1444,1455,1451,1451,1432,1416,1493,1472,1456,1476,1487,1442,1446,1445,1468,1457,1453,1433,1465,1443,1407,1454,1479,1470,1450,1465,1479,1469,1475,1403,1468,1460,1460,1463,1502,-0.0892454908033
L2_RQSTS.DEMAND_DATA_RD_HIT,r0124:u,1034,1044,1032,1041,1073,1040,1046,1041,1058,1020,990,988,1064,1026,1025,1024,1051,1028,1033,1014,996,999,1057,1036,1019,1015,988,1032,1009,1040,1047,1037,1050,1030,1024,1011,1051,1046,1046,1019,-0.299590884222
L2_RQSTS.ALL_DEMAND_DATA_RD,r0324:u,1818,1833,1817,1823,1837,1845,1823,1849,1836,1825,1796,1822,1842,1839,1824,1831,1831,1819,1846,1825,1823,1831,1835,1836,1849,1837,1820,1835,1829,1835,1836,1833,1832,1842,1813,1837,1848,1833,1833,1837,-0.0772571853607
L2_RQSTS.RFO_HITS,r0424:u,112,112,112,106,112,109,109,115,114,116,101,109,110,103,107,109,113,113,114,108,107,106,108,108,107,101,106,111,107,107,115,109,109,112,102,105,107,107,107,111,-0.248324407169
L2_RQSTS.RFO_MISS,r0824:u,111,108,115,114,110,111,110,108,106,105,117,109,110,115,109,110,110,104,111,112,109,113,109,114,112,122,114,111,114,108,108,109,107,106,119,117,112,115,110,109,0.115450442417
L2_RQSTS.ALL_RFO,r0C24:u,223,219,227,220,222,221,219,224,220,221,218,218,220,218,216,218,224,218,225,220,215,219,218,222,219,223,219,222,220,215,223,218,216,218,222,222,219,222,218,220,-0.178270282278
L2_RQSTS.CODE_RD_HIT,r1024:u,1513,1478,1458,1511,1513,1480,1499,1291,1392,1391,1475,1455,1544,1513,1510,1506,1548,1441,1534,1549,1457,1481,1317,1532,1393,1453,1527,1461,1543,1551,1528,1521,1519,1525,1221,1339,1470,1446,1505,1510,0.101444371236
L2_RQSTS.CODE_RD_MISS,r2024:u,666,653,656,672,654,661,665,667,644,652,651,657,652,655,656,662,647,657,654,662,653,669,642,661,655,650,663,658,648,663,667,665,660,658,658,651,642,667,661,669,-0.280166127435
L2_RQSTS.ALL_CODE_RD,r3024:u,2180,2131,2114,2183,2166,2141,2164,1958,2036,2043,2125,2112,2195,2169,2166,2168,2195,2099,2188,2211,2110,2150,1959,2193,2048,2102,2191,2118,2191,2215,2195,2186,2179,2184,1879,1990,2112,2114,2166,2179,0.0701557230804
L2_RQSTS.PF_HIT,r4024:u,827,806,797,844,816,800,855,720,758,752,797,788,824,809,805,813,827,765,829,791,787,799,700,868,749,808,812,759,872,863,790,794,830,855,654,717,768,794,820,818,0.00748796346287
L2_RQSTS.PF_MISS,r8024:u,1843,1796,1812,1819,1799,1778,1812,1749,1790,1769,1807,1776,1794,1830,1837,1794,1820,1760,1832,1793,1824,1830,1730,1848,1767,1800,1822,1777,1887,1836,1821,1832,1840,1872,1690,1791,1824,1844,1827,1843,-0.122566789986
L2_RQSTS.ALL_PF,rC024:u,2670,2602,2609,2662,2614,2578,2667,2470,2548,2522,2603,2564,2618,2639,2642,2607,2647,2525,2661,2584,2612,2629,2431,2717,2516,2608,2634,2536,2759,2699,2611,2627,2670,2727,2344,2508,2591,2639,2647,2661,-0.052902858699
L2_STORE_LOCK_RQSTS.MISS,r0127:u,105,106,110,116,104,112,111,112,109,112,115,109,112,108,108,114,110,109,112,114,106,109,113,111,105,112,114,108,112,116,108,110,112,109,116,114,110,105,109,103,0.0498938873262
L2_STORE_LOCK_RQSTS.HIT_M,r0827:u,54,56,53,58,59,58,55,54,61,54,55,54,53,53,54,50,54,52,52,53,53,53,54,51,52,55,49,57,49,50,56,53,51,60,55,59,55,54,54,57,-0.355737470799
L2_STORE_LOCK_RQSTS.ALL,r0F27:u,226,219,222,217,223,223,222,221,219,227,217,217,223,217,217,219,221,217,219,220,222,217,215,220,217,220,218,224,221,222,225,223,223,222,221,219,225,224,222,219,-0.560390434887
L2_L1D_WB_RQSTS.MISS,r0128:u,404,409,408,421,419,418,424,415,408,407,427,423,422,395,408,412,417,422,404,422,411,417,404,415,427,405,419,411,422,413,413,408,410,419,423,410,398,412,403,415,0.09511286324
L2_L1D_WB_RQSTS.HIT_E,r0428:u,222,222,224,220,217,225,217,223,224,215,211,222,232,224,224,228,214,213,216,221,223,216,216,221,220,226,222,214,233,228,227,238,221,219,224,218,230,222,238,217,-0.220984745824
L2_L1D_WB_RQSTS.HIT_M,r0828:u,118,112,123,108,120,127,113,120,114,114,120,117,108,120,124,119,123,113,116,113,117,108,115,110,110,117,113,121,120,113,116,116,115,121,118,123,123,118,124,117,-0.206648852806
L2_L1D_WB_RQSTS.ALL,r0F28:u,744,743,755,748,756,771,754,758,746,736,758,762,761,739,756,759,755,748,736,757,750,740,735,745,757,749,753,745,776,754,756,763,746,759,765,751,752,751,765,749,-0.178757690441
LONGEST_LAT_CACHE.REFERENCE,r4F2E:u,1603,1597,1601,1584,1618,1609,1647,1589,1603,1632,1627,1602,1606,1613,1582,1581,1590,1573,1604,1603,1605,1636,1602,1593,1640,1625,1599,1601,1617,1613,1615,1637,1624,1595,1615,1577,1633,1620,1597,1605,-0.141911242728
LONGEST_LAT_CACHE.MISS,r412E:u,0,1,2,0,1,2,1,2,1,1,2,1,2,0,1,1,1,0,1,2,1,5,2,1,1,2,3,1,3,1,0,3,0,1,3,2,0,3,3,3,-0.0784453713728
CPU_CLK_UNHALTED.THREAD_P,r003C:u,1198871,1226222,1209795,1222084,1201287,1210112,1184717,1184439,1228825,1238280,1212878,1234582,1238974,1238237,1236277,1210406,1236408,1181502,1207133,1208814,1228690,1217208,1186707,1236887,1212171,1206325,1206205,1105407,1186270,1180440,1178631,1212927,1206965,1197814,1139772,1156720,1159811,1174231,1166295,1199251,0.467466660755
CPU_CLK_THREAD_UNHALTED.REF_XCLK,r013C:u,74019,74388,75582,74082,71977,77006,72757,75149,75517,75535,75277,75744,75977,73428,73881,77304,76296,74308,75759,77380,75251,75802,75586,77343,75844,73909,76791,74117,73407,76916,77427,72267,72182,74125,73365,35185,72288,59261,52310,51119,0.312067547404
L1D_PEND_MISS.PENDING,r0148:u,25559,25242,28213,27634,28196,27891,23213,27571,27956,27505,24111,27509,28562,25768,25596,25825,27137,25392,27848,27962,30169,30360,28074,27093,30838,28378,24089,27897,27945,23251,29426,26004,24518,28379,25887,25650,28495,25628,30518,23277,0.201152516094
DTLB_STORE_MISSES.MISS_CAUSES_A_WALK,r0149:u,63,65,65,66,68,66,65,64,64,67,67,66,66,66,64,66,65,65,66,65,64,65,63,68,64,64,67,65,67,65,67,64,64,67,66,66,64,66,67,64,-0.0919885545127
DTLB_STORE_MISSES.WALK_COMPLETED,r0249:u,41,41,43,42,43,42,43,42,41,43,42,42,42,42,42,42,41,42,41,41,42,41,43,44,42,41,43,42,44,43,44,43,43,42,43,42,43,43,43,41,-0.334217465162
DTLB_STORE_MISSES.WALK_DURATION,r0449:u,1200,1238,1233,1244,1253,1225,1227,1221,1212,1246,1240,1213,1237,1245,1231,1248,1253,1240,1227,1233,1225,1223,1259,1269,1219,1236,1249,1229,1267,1236,1270,1246,1227,1248,1255,1242,1227,1238,1263,1229,-0.0268768866659
DTLB_STORE_MISSES.STLB_HIT,r1049:u,255,262,246,287,251,266,253,284,250,252,252,290,248,264,250,270,255,267,261,248,253,254,256,262,264,261,262,252,291,257,250,256,259,255,267,257,278,248,256,269,-0.0487425492162
LOAD_HIT_PRE.SW_PF,r014C:u,0,0,0,0,0,0,0,0,0,0,0,0,0,0,0,0,0,0,0,0,0,0,0,0,0,0,0,0,0,0,0,0,0,0,0,0,0,0,0,0,nan
LOAD_HIT_PRE.HW_PF,r024C:u,4918,4830,4916,4949,4831,4847,4991,4875,4859,4960,4766,4896,4861,4918,4896,4931,4806,4822,4890,4903,4953,4910,4926,4810,4972,4874,4850,4905,4844,4881,4863,4877,4771,4965,4899,4874,4869,4830,4953,4932,-0.0387487172191
L1D.REPLACEMENT,r0151:u,2139,2139,2127,2124,2124,2135,2133,2119,2126,2130,2146,2126,2118,2107,2120,2132,2138,2123,2126,2143,2122,2132,2129,2140,2128,2134,2104,2114,2132,2127,2130,2130,2136,2121,2124,2100,2124,2138,2125,2120,0.152642373578
MOVE_ELIMINATION.INT_NOT_ELIMINATED,r0458:u,9912,9911,9897,9906,9901,9822,9839,9882,9864,9825,9916,9925,9929,9784,9870,9955,9957,9897,9945,9997,9896,9920,9944,9891,9912,9919,9556,9903,9899,9840,9911,9899,9853,9897,9856,9821,9858,9941,9854,9835,0.389411341505
MOVE_ELIMINATION.SIMD_NOT_ELIMINATED,r0858:u,14,12,11,11,10,10,11,11,10,10,11,12,13,11,13,13,13,11,11,11,12,11,11,11,11,12,9,11,13,13,13,13,13,11,11,10,10,11,10,10,0.222432461042
MOVE_ELIMINATION.INT_ELIMINATED,r0158:u,1150,1174,1169,1170,1109,1132,1156,1151,1111,1097,1119,1151,1159,1107,1152,1167,1166,1162,1169,1156,1163,1155,1145,1162,1153,1147,1016,1122,1158,1132,1165,1154,1156,1158,1119,1053,1134,1160,1120,1098,0.304970302045
MOVE_ELIMINATION.SIMD_ELIMINATED,r0258:u,0,0,0,0,0,0,0,0,0,0,0,0,0,0,0,0,0,0,0,0,0,0,0,0,0,0,0,0,0,0,0,0,0,0,0,0,0,0,0,0,nan
CPL_CYCLES.RING0,r015C:u,136,137,136,136,136,136,136,136,136,136,136,136,136,136,136,136,136,136,136,136,136,136,136,136,136,136,136,136,136,136,136,136,136,136,136,136,136,136,136,136,-0.130495980015
CPL_CYCLES.RING123,r025C:u,1213729,1209963,1143340,1210129,1177901,1193954,1235305,1221349,1200373,1223578,1180745,1197029,1217004,1204352,1221650,1210827,1214729,1200528,1211481,1211536,1212774,1238043,1200369,1208180,1237613,1239530,1190645,1186460,1181459,1182214,1179290,1113904,1213112,1155631,1204297,1190391,1181394,1229038,1194420,1177903,0.392797273018
RS_EVENTS.EMPTY_CYCLES,r015E:u,71928,72228,71814,71812,68446,70174,71865,71917,68380,68793,69015,70432,71901,68758,71992,71957,71978,71770,72059,71738,71994,71963,70562,71830,71728,71867,64946,68495,71941,70385,71867,71841,72074,70421,68440,65492,70359,71638,69417,66620,0.331218606289
DTLB_LOAD_MISSES.STLB_HIT,r045F:u,177,207,185,164,197,197,191,214,184,186,204,216,182,175,215,197,192,198,133,180,189,185,189,210,199,218,176,173,210,222,180,190,166,184,185,234,207,220,188,174,0.0169915214337
OFFCORE_REQUESTS_OUTSTANDING.DEMAND_DATA_RD,r0160:u,24482,29961,30097,29456,33673,37865,32645,24171,26521,39945,293550,18399,23500,1558186,17201,20104,38621,26752,34205,28410,20113,28577,20029,30568,24530,28375,283317,20568,287742,26815,26328,38684,19954,30499,16640,25969,29933,20641,40018,263328,0.159449783987
OFFCORE_REQUESTS_OUTSTANDING.DEMAND_CODE_RD,r0260:u,15927324,13901998,13992243,13785557,12981519,12986821,13605021,13364882,14385558,13280679,13594187,14456203,11489021,17317022,14492127,14645780,14172981,15210560,15462257,12111649,13414648,14150484,13645404,15900367,14334498,13261817,17435366,14151907,13360138,14360297,13044746,14658993,13887872,12750995,14065187,12269246,12793418,13005021,13653168,12905402,0.18362973274
OFFCORE_REQUESTS_OUTSTANDING.DEMAND_RFO,r0460:u,566036,275393,275913,566803,543271,4561277,598494,284374,283999,2073,537067,283858,257920,916447,2294,541996,568488,565552,550203,514986,312015,832878,284030,568155,827425,310935,836034,2250,566040,2125,2277,257314,568195,283953,257620,2241,281271,2296,286753,2230,0.00960932885983
OFFCORE_REQUESTS_OUTSTANDING.ALL_DATA_RD,r0860:u,7232904,7852037,8440934,8380913,6864964,5046541,5391958,7304606,8744592,8020453,8467165,7926840,7484217,8007383,9293570,7759454,6149592,7648027,7025017,6443548,7206929,6211510,7887922,7580968,7555672,6785003,8996010,8090280,7870892,9539120,7067499,6380431,7959973,7065088,8542679,8277183,5782325,8533575,7664690,9323005,-0.090955151629
LOCK_CYCLES.SPLIT_LOCK_UC_LOCK_DURATION,r0163:u,0,0,0,0,0,0,0,0,0,0,0,0,0,0,0,0,0,0,0,0,0,0,0,0,0,0,0,0,0,0,0,0,0,0,0,0,0,0,0,0,nan
LOCK_CYCLES.CACHE_LOCK_DURATION,r0263:u,0,0,0,0,0,0,0,0,0,0,0,0,0,0,0,0,0,0,0,0,0,0,0,0,0,0,0,0,0,0,0,0,0,0,0,0,0,0,0,0,nan
IDQ.EMPTY,r0279:u,75669,77993,78005,75630,78120,73281,78666,78259,77718,77974,75293,77699,78120,71323,77422,77964,78202,77796,75543,77877,77958,78499,77980,77831,78074,78362,71971,77676,78001,77735,78479,75599,78120,77777,75549,71462,73065,78106,73488,75487,0.190939914632
IDQ.MITE_UOPS,r0479:u,35415,35253,35275,35332,35471,35238,35114,34898,35323,35543,34299,35395,35276,35164,34471,35256,35202,35659,34310,35324,34878,35312,35370,35178,35290,34655,34621,35121,35449,34882,35129,34565,35004,35295,35169,33921,35101,35253,34716,35039,-0.0380308188405
IDQ.DSB_UOPS,r0879:u,90403,90296,90605,90343,90775,90007,90968,90069,89403,89370,88015,90067,89696,89673,88451,89501,90297,90757,89268,90114,91830,90619,90347,90728,90674,90909,90141,90256,89616,88111,90078,89849,91324,89120,90952,85813,88644,89624,89809,89688,0.115024803406
IDQ.MS_DSB_UOPS,r1079:u,2251,2187,2301,2177,2309,2191,2236,2251,2219,2215,2256,2221,2243,2175,2265,2217,2258,2183,2189,2174,2249,2162,2268,2240,2286,2310,2191,2198,2244,2264,2202,2201,2237,2253,2170,2167,2203,2175,2197,2184,0.17759005567
IDQ.MS_MITE_UOPS,r2079:u,69666,69781,69567,69657,69669,69699,69676,69491,69838,69689,69633,69571,69602,69620,69597,69664,69603,69610,69578,69684,69617,69581,69642,69597,69590,69596,69609,69661,69515,69793,69528,69698,69594,69677,69649,69608,69535,69604,69659,69623,-0.23186332869
IDQ.MS_UOPS,r3079:u,71917,71968,71869,71834,71978,71890,71912,71742,72057,71904,71889,71792,71844,71795,71863,71881,71861,71793,71767,71857,71866,71743,71910,71837,71877,71905,71800,71859,71759,72057,71730,71898,71832,71930,71819,71775,71739,71780,71856,71808,-0.116800748471
IDQ.ALL_DSB_CYCLES_ANY_UOPS,r1879:u,92653,92483,92907,92519,93083,92198,93204,92319,91622,91585,90271,92288,91938,91848,90716,91718,92555,92940,91457,92288,94079,92781,92615,92968,92960,93219,92332,92454,91860,90375,92280,92050,93561,91373,93122,87980,90848,91799,92006,91872,0.121067202236
IDQ.ALL_DSB_CYCLES_4_UOPS,r1879:u,92653,92483,92907,92519,93083,92198,93204,92319,91622,91585,90271,92288,91938,91848,90716,91718,92555,92940,91457,92288,94079,92781,92615,92968,92960,93219,92332,92454,91860,90375,92280,92050,93561,91373,93122,87980,90848,91799,92006,91872,0.121067202236
IDQ.ALL_MITE_CYCLES_ANY_UOPS,r2479:u,105081,105034,104843,104989,105140,104937,104790,104389,105160,105232,103932,104966,104878,104784,104068,104920,104805,105269,103888,105008,104496,104892,105012,104775,104880,104251,104230,104782,104964,104675,104657,104263,104598,104972,104818,103529,104637,104858,104376,104663,-0.0787068879174
IDQ.ALL_MITE_CYCLES_4_UOPS,r2479:u,104924,104921,104784,104806,104971,104923,105010,104872,104763,105137,104515,104578,105040,104428,104734,104392,104765,104791,104420,104806,104907,104154,104549,104958,105010,104450,103963,104608,104287,104867,103598,104886,104943,105279,104771,104556,104204,104671,105204,104697,-0.0999018907757
IDQ.MITE_ALL_UOPS,r3C79:u,198367,196925,198064,196985,196521,197292,197381,196781,197041,197657,195549,196206,197257,196840,197213,196225,197650,198406,195409,196350,196943,197412,197598,197639,197343,197494,193414,196517,196696,197340,193272,198655,197764,198004,196719,192970,195589,196758,197663,197251,0.0882210274081
ICACHE.MISSES,r0280:u,1809,1810,1805,1735,1806,1829,1817,1814,1815,1802,1741,1744,1752,1678,1738,1725,1808,1807,1742,1802,1807,1754,1820,1817,1808,1726,1688,1800,1737,1819,1654,1817,1802,1823,1746,1634,1658,1811,1825,1798,-0.0937588475563
ITLB_MISSES.MISS_CAUSES_A_WALK,r0185:u,227,226,226,225,228,227,227,231,226,230,222,224,222,222,224,224,227,228,221,226,230,227,228,226,228,225,216,228,224,228,216,226,226,226,224,213,215,228,229,228,0.025679574456
ITLB_MISSES.WALK_COMPLETED,r0285:u,143,144,143,143,142,144,143,144,143,144,142,144,142,142,143,143,143,144,142,143,143,144,144,143,143,144,141,144,143,144,142,143,143,144,143,140,141,143,144,143,0.0434390654853
ITLB_MISSES.WALK_DURATION,r0485:u,3501,3534,3521,3531,3538,3530,3540,3565,3521,3531,3487,3514,3482,3517,3523,3534,3523,3558,3474,3511,3570,3548,3551,3552,3529,3505,3433,3557,3555,3565,3497,3539,3545,3533,3555,3431,3486,3535,3538,3520,-0.0300647857203
ITLB_MISSES.STLB_HIT,r1085:u,13,12,12,13,9,12,13,11,13,11,9,13,12,14,13,14,13,13,10,12,12,14,10,11,12,11,14,11,12,14,13,14,12,13,12,12,13,12,13,15,-0.158688898157
ILD_STALL.LCP,r0187:u,70,70,69,67,72,69,69,73,70,70,71,63,69,60,63,66,67,70,65,70,70,67,69,68,67,60,60,69,67,68,64,69,70,70,66,62,66,71,68,69,-0.25732740911
ILD_STALL.IQ_FULL,r0487:u,3439,3409,3375,3374,3210,3197,3428,3221,3524,3222,3545,3270,3081,3176,3257,3274,3323,3307,3391,3333,3431,3556,3394,3476,3278,3324,3557,3492,3286,3372,3369,3522,3292,3169,3196,3453,3540,3292,3537,3284,-0.123150264973
BR_INST_EXEC.COND,r0188:u,0,0,0,0,0,0,0,0,0,0,0,0,0,0,0,0,0,0,0,0,0,0,0,0,0,0,0,0,0,0,0,0,0,0,0,0,0,0,0,0,nan
BR_INST_EXEC.DIRECT_JMP,r0288:u,0,0,0,0,0,0,0,0,0,0,0,0,0,0,0,0,0,0,0,0,0,0,0,0,0,0,0,0,0,0,0,0,0,0,0,0,0,0,0,0,nan
BR_INST_EXEC.INDIRECT_JMP_NON_CALL_RET,r0488:u,0,0,0,0,0,0,0,0,0,0,0,0,0,0,0,0,0,0,0,0,0,0,0,0,0,0,0,0,0,0,0,0,0,0,0,0,0,0,0,0,nan
BR_INST_EXEC.RETURN_NEAR,r0888:u,0,0,0,0,0,0,0,0,0,0,0,0,0,0,0,0,0,0,0,0,0,0,0,0,0,0,0,0,0,0,0,0,0,0,0,0,0,0,0,0,nan
BR_INST_EXEC.DIRECT_NEAR_CALL,r1088:u,0,0,0,0,0,0,0,0,0,0,0,0,0,0,0,0,0,0,0,0,0,0,0,0,0,0,0,0,0,0,0,0,0,0,0,0,0,0,0,0,nan
BR_INST_EXEC.INDIRECT_NEAR_CALL,r2088:u,0,0,0,0,0,0,0,0,0,0,0,0,0,0,0,0,0,0,0,0,0,0,0,0,0,0,0,0,0,0,0,0,0,0,0,0,0,0,0,0,nan
BR_INST_EXEC.NONTAKEN,r4088:u,0,0,0,0,0,0,0,0,0,0,0,0,0,0,0,0,0,0,0,0,0,0,0,0,0,0,0,0,0,0,0,0,0,0,0,0,0,0,0,0,nan
BR_INST_EXEC.TAKEN,r8088:u,0,0,0,0,0,0,0,0,0,0,0,0,0,0,0,0,0,0,0,0,0,0,0,0,0,0,0,0,0,0,0,0,0,0,0,0,0,0,0,0,nan
BR_INST_EXEC.ALL_BRANCHES,rFF88:u,84323,84172,84474,84477,84369,84360,84399,84433,84422,84320,84285,84410,84116,84384,84403,84426,84327,84378,84283,84461,84245,84432,84409,84401,84361,84210,84361,84476,84376,84338,84352,84243,84248,84309,84403,84405,84388,84413,84449,84401,-0.162393011824
BR_MISP_EXEC.COND,r0189:u,0,0,0,0,0,0,0,0,0,0,0,0,0,0,0,0,0,0,0,0,0,0,0,0,0,0,0,0,0,0,0,0,0,0,0,0,0,0,0,0,nan
BR_MISP_EXEC.INDIRECT_JMP_NON_CALL_RET,r0489:u,0,0,0,0,0,0,0,0,0,0,0,0,0,0,0,0,0,0,0,0,0,0,0,0,0,0,0,0,0,0,0,0,0,0,0,0,0,0,0,0,nan
BR_MISP_EXEC.RETURN_NEAR,r0889:u,0,0,0,0,0,0,0,0,0,0,0,0,0,0,0,0,0,0,0,0,0,0,0,0,0,0,0,0,0,0,0,0,0,0,0,0,0,0,0,0,nan
BR_MISP_EXEC.DIRECT_NEAR_CALL,r1089:u,0,0,0,0,0,0,0,0,0,0,0,0,0,0,0,0,0,0,0,0,0,0,0,0,0,0,0,0,0,0,0,0,0,0,0,0,0,0,0,0,nan
BR_MISP_EXEC.INDIRECT_NEAR_CALL,r2089:u,0,0,0,0,0,0,0,0,0,0,0,0,0,0,0,0,0,0,0,0,0,0,0,0,0,0,0,0,0,0,0,0,0,0,0,0,0,0,0,0,nan
BR_MISP_EXEC.NONTAKEN,r4089:u,0,0,0,0,0,0,0,0,0,0,0,0,0,0,0,0,0,0,0,0,0,0,0,0,0,0,0,0,0,0,0,0,0,0,0,0,0,0,0,0,nan
BR_MISP_EXEC.TAKEN,r8089:u,0,0,0,0,0,0,0,0,0,0,0,0,0,0,0,0,0,0,0,0,0,0,0,0,0,0,0,0,0,0,0,0,0,0,0,0,0,0,0,0,nan
BR_MISP_EXEC.ALL_BRANCHES,rFF89:u,1487,1713,1411,1711,1716,1691,1706,1714,1613,1708,1415,1714,1370,1714,1704,1597,1459,1457,1510,1453,1229,1705,1709,1721,1720,1271,1714,1712,1582,1718,1725,1505,1710,1712,1598,1705,1712,1614,1702,1558,-0.403069768296
IDQ_UOPS_NOT_DELIVERED.CORE,r019C:u,469708,489408,463599,488392,490117,488676,488466,490204,479532,489715,463969,488741,459089,490256,486959,479723,464958,465065,475455,466384,444940,488702,489348,489977,490407,448814,490514,490239,477160,490580,490469,469650,489809,490194,479708,489859,487992,479078,489055,472698,-0.398099100308
UOPS_DISPATCHED_PORT.PORT_0,r01A1:u,465558,483920,502470,425093,411468,491145,439652,419133,449897,446406,426198,434823,417345,434117,456676,410068,443835,440162,448616,433852,431811,449267,439069,426122,415229,411379,394554,414752,475972,444089,422496,465343,436899,415292,404161,421028,421220,411877,430172,405582,-0.108607852199
UOPS_DISPATCHED_PORT.PORT_1,r02A1:u,446035,455566,475402,415676,388319,467563,416581,401997,436145,438366,439304,444520,427137,444812,463440,432745,452059,450812,457180,444126,442944,456172,448813,435641,444233,422595,375204,391953,447356,421718,410580,444695,430041,401381,385785,409837,403192,396276,415771,390920,0.482854016106
UOPS_DISPATCHED_PORT.PORT_2_LD,r04A1:u,212718,212915,212348,212752,212957,212813,212758,212905,212694,212760,212555,212853,212575,212959,212819,212807,212562,212604,212606,212565,212255,212778,212951,212833,212892,212387,212950,212826,212695,212939,212866,212726,212844,212889,212875,212850,212766,212766,212804,212798,-0.337568269951
UOPS_DISPATCHED_PORT.PORT_2_STA,r08A1:u,126043,128131,135547,124841,128040,129409,126715,117664,129561,131310,104955,124162,115923,126912,122766,126484,115332,116669,121681,115367,116502,115623,126230,124461,129597,122999,125421,127635,121408,124924,120118,127986,122625,123589,121089,120362,126523,125365,124931,122857,-0.446178232022
UOPS_DISPATCHED_PORT.PORT_2,r0CA1:u,338762,341046,347895,337593,340997,342221,339473,330570,342255,344070,317511,337015,328498,339871,335585,339292,327894,329273,334288,327932,328758,328401,339181,337294,342488,335386,338372,340461,334103,337863,332984,340712,335469,336478,333963,333212,339289,338131,337735,335656,-0.45205221356
UOPS_DISPATCHED_PORT.PORT_3_LD,r10A1:u,212529,212716,212743,212074,212850,213013,212740,212769,212869,212714,212607,212773,212503,212717,212826,212792,212377,212749,212440,212003,212401,212408,212809,212892,212750,212550,212719,212647,212744,212711,212736,212856,212833,212801,212786,212757,212736,212750,212882,212430,-0.286212943376
UOPS_DISPATCHED_PORT.PORT_3_STA,r20A1:u,95813,82381,82589,79638,87545,76046,85890,87876,83647,94073,88833,95658,88663,91378,92814,94592,96943,101080,93802,107399,86701,115497,91878,89476,88303,87854,86924,98518,93066,83233,81296,83566,91292,89097,81234,81814,83633,85915,81278,100477,0.470270867204
UOPS_DISPATCHED_PORT.PORT_3,r30A1:u,308342,295097,295332,291712,300395,289059,298630,300645,296516,306787,301440,308431,301166,304094,305640,307384,309321,313829,306242,319403,299102,327904,304687,302368,301052,300403,299643,311165,305810,295944,294032,296422,304125,301898,294020,294571,296369,298664,294161,312907,0.468011076493
UOPS_DISPATCHED_PORT.PORT_4,r40A1:u,211205,211290,211262,210769,211318,212922,211264,211318,211404,211236,245010,246447,242136,250261,243579,251216,248014,245559,250552,243486,251758,249663,243485,249856,246294,250161,211179,211110,211359,211449,212432,211321,211811,211289,211259,211318,211281,211412,211379,211439,0.990308518336
UOPS_DISPATCHED_PORT.PORT_5,r80A1:u,424640,428403,414138,403917,439221,346936,411790,439219,459818,417730,513287,507791,503474,509032,514702,509941,508775,508201,508972,510905,504898,511327,513040,507839,508717,506000,440146,436313,444781,431752,447175,423160,414530,429319,420290,384574,434073,435793,415599,435657,0.920472664465
RESOURCE_STALLS.ANY,r01A2:u,799746,838161,811342,816869,831913,837070,769141,811732,863802,796470,863256,838627,789508,824455,865405,839233,811627,803695,814593,849291,811147,846801,856717,814056,860955,795430,811267,781458,831618,785502,840402,785146,842932,839220,806094,818751,811870,812836,836562,786134,0.288863624297
RESOURCE_STALLS.RS,r04A2:u,798451,836020,809387,815703,829863,833808,767772,810586,862258,795189,861955,837183,787650,823314,863898,837695,810548,802342,813409,847921,810034,845693,855355,812354,859800,793883,810149,780443,830421,784390,839034,783927,840419,837758,804836,815723,810693,811409,833810,785002,0.295305257779
RESOURCE_STALLS.SB,r08A2:u,605,715,663,578,759,852,726,641,740,665,680,672,749,629,675,701,587,685,672,693,619,610,683,766,605,770,636,598,657,640,651,725,856,704,670,709,671,732,775,627,-0.116041269354
RESOURCE_STALLS.ROB,r10A2:u,47,71,88,100,99,122,122,74,74,121,52,96,77,93,92,100,92,135,92,59,160,53,127,79,83,90,96,71,102,101,155,110,111,133,98,70,73,73,81,128,-0.0619636865097
CYCLE_ACTIVITY.CYCLES_L2_PENDING,r01A3:u,13065,14962,12787,13031,17336,17144,17321,15176,14971,17018,13640,16852,14754,16207,17706,17410,17154,19328,14855,14836,19458,13412,14831,17123,17284,16998,15137,18792,15906,17740,19211,17339,17177,17199,15044,12860,18935,14698,14911,17658,0.096894920239
CYCLE_ACTIVITY.CYCLES_LDM_PENDING,r02A3:u,2139082,2233088,2199566,2247620,2206957,2149862,2256178,2119700,2099765,2188830,2247618,2208311,2196729,2237787,2097798,2197013,2239874,2261401,2171467,2204043,2209104,2200871,2256494,2205564,2260129,2226153,2046411,2157527,2067446,2140074,2053129,2153643,2154883,2152097,2120643,2055596,2103381,2204126,2099060,2205241,0.522404121377
CYCLE_ACTIVITY.CYCLES_L1D_PENDING,r08A3:u,0,30262,0,0,30070,0,0,0,0,0,0,0,0,0,0,0,0,0,0,0,0,0,0,0,0,29454,29834,29523,0,0,0,0,0,29794,0,0,29394,0,0,0,-0.240984432175
CYCLE_ACTIVITY.CYCLES_NO_EXECUTE,r04A3:u,2706944,2823703,2900654,2867215,2732565,1828626,1974611,1752481,2599341,1895918,4351344,1665542,2553669,2602812,2604573,1656222,1691330,1699687,1754658,2549334,3472221,1694886,2628842,1682462,1671756,1659979,1743645,1799788,2620411,1896622,2520594,2679757,2679920,1827710,1816534,3327064,2757364,2795803,2667854,1812519,-0.0942659536715
DSB2MITE_SWITCHES.COUNT,r01AB:u,895,934,897,923,940,913,952,922,925,916,899,924,938,963,905,931,929,959,931,921,974,904,908,926,938,943,918,952,906,929,957,930,935,950,921,905,940,937,925,927,0.114458197757
DSB2MITE_SWITCHES.PENALTY_CYCLES,r02AB:u,1016,1057,1004,1028,1064,1024,1088,1058,1062,1037,1010,1057,1069,1093,1024,1073,1059,1103,1073,1056,1115,1028,1044,1077,1080,1077,1035,1095,1034,1056,1098,1064,1081,1093,1054,1009,1071,1070,1061,1050,0.19970296541
DSB_FILL.EXCEED_DSB_LINES,r08AC:u,6,6,6,6,6,5,6,6,6,6,6,6,6,6,6,6,6,6,6,6,6,6,6,5,6,6,6,6,6,6,6,6,6,6,6,5,6,6,6,6,0.036287865757
ITLB.ITLB_FLUSH,r01AE:u,38,38,38,38,38,38,38,38,38,38,38,38,38,38,38,38,38,38,38,38,38,38,38,38,38,38,38,38,38,38,38,38,38,38,38,38,38,38,38,38,nan
OFFCORE_REQUESTS.DEMAND_DATA_RD,r01B0:u,875,876,861,868,893,903,853,859,855,839,845,906,887,884,880,898,876,895,862,850,870,877,846,852,878,887,880,864,864,861,867,874,849,884,906,871,866,870,881,887,0.0990415341804
OFFCORE_REQUESTS.DEMAND_CODE_RD,r02B0:u,652,662,653,659,659,654,666,652,657,638,653,675,643,656,663,660,668,653,650,655,644,635,658,633,632,647,657,660,655,653,661,667,670,658,654,636,660,656,656,661,-0.229380790001
OFFCORE_REQUESTS.DEMAND_RFO,r04B0:u,120,117,115,114,113,122,115,116,109,112,112,118,118,109,113,117,122,111,117,109,112,117,118,116,114,121,116,117,115,115,115,114,115,113,117,116,118,118,111,115,-0.0183621557613
OFFCORE_REQUESTS.ALL_DATA_RD,r08B0:u,1666,1675,1664,1651,1673,1670,1670,1636,1639,1648,1637,1679,1679,1659,1675,1655,1648,1661,1640,1662,1649,1645,1669,1635,1672,1666,1661,1664,1672,1673,1668,1667,1669,1660,1673,1641,1674,1648,1677,1667,-0.15987536896
UOPS_EXECUTED.THREAD,r01B1:u,1273807,1276009,1275073,1275313,1275383,1274742,1274404,1275715,1272706,1274742,1274124,1274617,1273974,1275673,1275164,1276251,1275207,1275559,1275157,1274790,1274387,1273886,1274999,1271386,1274065,1275441,1275085,1274756,1274804,1275144,1275469,1275440,1274904,1275527,1275603,1273284,1274839,1274990,1275538,1275021,-0.133163218353
UOPS_EXECUTED.CORE,r02B1:u,1354231,1276009,1352915,1354264,1353185,1353748,1433739,1275715,1428871,1352485,1430627,1353045,1273974,1275673,1432683,1357488,1430858,1359700,1431142,1430060,1507014,1350977,1353385,1271386,1274065,1353275,1275085,1352332,1274804,1352975,1354491,1353275,1274904,1275527,1275603,1361046,1274839,1353833,1275538,1275021,0.324856380394
OFFCORE_RESPONSE_0,r01B7:u,0,0,0,0,0,0,0,0,0,0,0,0,0,0,0,0,0,0,0,0,0,0,0,0,0,0,0,0,0,0,0,0,0,0,0,0,0,0,0,0,nan
OFFCORE_RESPONSE_1,r01BB:u,0,0,0,0,0,0,0,0,0,0,0,0,0,0,0,0,0,0,0,0,0,0,0,0,0,0,0,0,0,0,0,0,0,0,0,0,0,0,0,0,nan
TLB_FLUSH.DTLB_THREAD,r01BD:u,0,0,0,0,0,0,0,0,0,0,0,0,0,0,0,0,0,0,0,0,0,0,0,0,0,0,0,0,0,0,0,0,0,0,0,0,0,0,0,0,nan
TLB_FLUSH.STLB_ANY,r20BD:u,111,111,111,111,111,111,111,111,111,111,111,111,111,111,111,111,111,111,111,111,111,111,111,111,111,111,111,111,111,111,111,111,111,111,111,111,111,111,111,111,nan
INST_RETIRED.ANY_P,r00C0:u,676920,676903,676903,676903,676903,676903,676902,676903,676903,676903,676913,676920,676920,676920,676920,676920,676920,676903,676903,676903,676903,676903,676903,676902,676904,676903,676914,676920,676920,676920,676921,676920,676920,676903,676903,676903,676903,676903,676903,676903,0.10598164891
INST_RETIRED.ALL,r01C0:u,677030,677013,677014,677013,677013,677013,677012,677014,677013,677013,677023,677030,677030,677030,677030,677030,677030,677013,677013,677014,677014,677013,677013,677012,677014,677013,677024,677030,677030,677030,677031,677031,677031,677013,677013,677013,677014,677013,677013,677013,0.101258362907
OTHER_ASSISTS.AVX_STORE,r08C1:u,0,0,0,0,0,0,0,0,0,0,0,0,0,0,0,0,0,0,0,0,0,0,0,0,0,0,0,0,0,0,0,0,0,0,0,0,0,0,0,0,nan
OTHER_ASSISTS.AVX_TO_SSE,r10C1:u,0,0,0,0,0,0,0,0,0,0,0,0,0,0,0,0,0,0,0,0,0,0,0,0,0,0,0,0,0,0,0,0,0,0,0,0,0,0,0,0,nan
OTHER_ASSISTS.SSE_TO_AVX,r20C1:u,0,0,0,0,0,0,0,0,0,0,0,0,0,0,0,0,0,0,0,0,0,0,0,0,0,0,0,0,0,0,0,0,0,0,0,0,0,0,0,0,nan
UOPS_RETIRED.ALL,r01C2:u,1254056,1254041,1254001,1253996,1253998,1254046,1253999,1254085,1253957,1253995,1254227,1253981,1254019,1254007,1254099,1254022,1254016,1254085,1253992,1254001,1254034,1254034,1254039,1253954,1253994,1253993,1254007,1254112,1254218,1254025,1254054,1253983,1254011,1254079,1253985,1253993,1253996,1254004,1254035,1253998,0.0250226700524
UOPS_RETIRED.RETIRE_SLOTS,r02C2:u,776709,776694,776655,776649,776651,776699,776653,776738,776611,776649,776876,776635,776673,776660,776752,776675,776669,776737,776646,776654,776687,776687,776692,776608,776647,776647,776661,776765,776870,776678,776707,776637,776664,776732,776639,776646,776650,776658,776689,776652,0.0217140784381
MACHINE_CLEARS.MEMORY_ORDERING,r02C3:u,2,1,1,2,2,2,1,2,1,0,2,3,1,0,1,3,1,1,0,2,2,0,1,2,2,1,1,2,1,1,2,2,1,0,1,1,1,2,1,1,0.0727273289675
MACHINE_CLEARS.SMC,r04C3:u,0,0,0,0,0,0,0,0,0,0,0,0,0,0,0,0,0,0,0,0,0,0,0,0,0,0,0,1,0,0,0,0,0,0,0,0,0,0,0,0,-0.130482528637
MACHINE_CLEARS.MASKMOV,r20C3:u,0,0,0,0,0,0,0,0,0,0,0,0,0,0,0,0,0,0,0,0,0,0,0,0,0,0,0,0,0,0,0,0,0,0,0,0,0,0,0,0,nan
BR_INST_RETIRED.ALL_BRANCHES,r00C4:u,82605,82601,82601,82601,82601,82601,82601,82602,82601,82601,82602,82605,82605,82605,82605,82605,82605,82601,82601,82601,82601,82601,82601,82600,82601,82601,82602,82605,82606,82605,82605,82605,82605,82601,82601,82601,82601,82601,82601,82601,0.0615753336865
BR_INST_RETIRED.CONDITIONAL,r01C4:u,80181,80178,80178,80178,80178,80178,80178,80178,80178,80178,80179,80181,80181,80181,80181,80181,80181,80178,80178,80178,80178,80178,80178,80178,80178,80178,80179,80181,80181,80181,80181,80181,80181,80178,80178,80178,80178,80178,80178,80178,0.104306154375
BR_INST_RETIRED.NEAR_CALL,r02C4:u,767,767,767,767,767,767,767,767,767,767,767,767,767,767,767,767,767,767,767,767,767,767,767,767,767,767,767,767,767,767,767,767,767,767,767,767,767,767,767,767,nan
BR_INST_RETIRED.ALL_BRANCHES,r04C4:u,82605,82601,82601,82601,82601,82601,82601,82601,82601,82601,82602,82604,82605,82605,82605,82605,82605,82601,82601,82601,82602,82601,82602,82601,82602,82601,82602,82605,82605,82605,82605,82605,82605,82601,82601,82601,82600,82601,82601,82601,0.150125869083
BR_INST_RETIRED.NEAR_RETURN,r08C4:u,763,763,763,763,763,763,763,763,763,763,763,763,763,763,763,763,763,763,763,763,763,763,763,763,763,763,763,763,763,763,763,763,763,763,763,763,763,763,763,763,nan
BR_INST_RETIRED.NOT_TAKEN,r10C4:u,8513,8511,8511,8511,8511,8511,8511,8511,8512,8511,8513,8514,8514,8513,8513,8513,8513,8511,8511,8511,8511,8511,8511,8511,8511,8511,8513,8513,8513,8513,8513,8513,8513,8512,8511,8511,8512,8511,8511,8511,0.109023496563
BR_INST_RETIRED.NEAR_TAKEN,r20C4:u,73956,73954,73954,73953,73954,73954,73954,73954,73953,73953,73953,73954,73955,73956,73956,73956,73956,73954,73954,73953,73955,73954,73954,73954,73954,73954,73953,73956,73956,73956,73956,73956,73956,73953,73954,73954,73952,73954,73954,73953,0.110569712231
BR_INST_RETIRED.FAR_BRANCH,r40C4:u,136,136,136,136,136,136,136,136,136,136,136,136,136,136,136,136,136,136,136,136,136,136,137,136,137,136,136,136,136,136,136,136,136,136,136,136,136,136,136,136,0.286252538259
BR_MISP_RETIRED.ALL_BRANCHES,r00C5:u,1390,1518,1505,1283,1308,1401,1422,1521,1519,1522,1413,1321,1314,1522,1408,1523,1513,1509,1513,1422,1505,1404,1293,1513,1507,1418,1503,1498,1236,1515,1297,1273,1521,1511,1513,1515,1198,1106,1515,1514,0.104996916066
BR_MISP_RETIRED.CONDITIONAL,r01C5:u,1323,1451,1437,1217,1244,1333,1356,1455,1451,1454,1347,1254,1251,1455,1341,1455,1446,1441,1445,1356,1439,1338,1228,1445,1439,1352,1435,1430,1172,1447,1233,1208,1454,1444,1445,1448,1140,1042,1448,1447,0.104669623296
BR_MISP_RETIRED.NEAR_CALL,r02C5:u,25,25,25,25,24,25,25,25,25,25,25,25,24,25,26,25,25,25,25,25,25,25,24,25,25,25,25,25,25,25,25,25,25,25,25,25,21,25,25,25,0.102228654297
BR_MISP_RETIRED.ALL_BRANCHES,r04C5:u,1292,1515,1521,1510,1288,1514,1513,1509,1512,1418,1402,1201,1483,1519,1522,1520,1502,1518,1515,1520,1500,1528,1502,1514,1285,1426,1415,1511,1397,1402,1419,1411,1517,1514,1502,1512,992,1331,1515,1502,0.115828592672
BR_MISP_RETIRED.NOT_TAKEN,r10C5:u,813,1046,1041,1037,824,1041,1045,1040,1043,954,933,727,985,1054,1052,1053,1024,1044,1053,1052,1028,1053,1039,1051,807,949,945,1015,935,946,939,938,1051,1044,1031,1039,630,839,1048,1014,0.107850998214
BR_MISP_RETIRED.TAKEN,r20C5:u,479,468,480,473,464,473,469,468,469,463,469,474,498,466,469,466,478,474,462,468,473,476,463,463,478,477,470,496,462,456,480,473,466,470,471,473,361,492,467,488,0.102143102831
FP_ASSIST.X87_OUTPUT,r02CA:u,0,0,0,0,0,0,0,0,0,0,0,0,0,0,0,0,0,0,0,0,0,0,0,0,0,0,0,0,0,0,0,0,0,0,0,0,0,0,0,0,nan
FP_ASSIST.X87_INPUT,r04CA:u,0,0,0,0,0,0,0,0,0,0,0,0,0,0,0,0,0,0,0,0,0,0,0,0,0,0,0,0,0,0,0,0,0,0,0,0,0,0,0,0,nan
FP_ASSIST.SIMD_OUTPUT,r08CA:u,0,0,0,0,0,0,0,0,0,0,0,0,0,0,0,0,0,0,0,0,0,0,0,0,0,0,0,0,0,0,0,0,0,0,0,0,0,0,0,0,nan
FP_ASSIST.SIMD_INPUT,r10CA:u,0,0,0,0,0,0,0,0,0,0,0,0,0,0,0,0,0,0,0,0,0,0,0,0,0,0,0,0,0,0,0,0,0,0,0,0,0,0,0,0,nan
FP_ASSIST.ANY,r1ECA:u,0,0,0,0,0,0,0,0,0,0,0,0,0,0,0,0,0,0,0,0,0,0,0,0,0,0,0,0,0,0,0,0,0,0,0,0,0,0,0,0,nan
ROB_MISC_EVENTS.LBR_INSERTS,r20CC:u,0,0,0,0,0,0,0,0,0,0,0,0,0,0,0,0,0,0,0,0,0,0,0,0,0,0,0,0,0,0,0,0,0,0,0,0,0,0,0,0,nan
MEM_TRANS_RETIRED.LOAD_LATENCY,r01CD:u,0,0,0,0,0,0,0,0,0,0,0,0,0,0,0,0,0,0,0,0,0,0,0,0,0,0,0,0,0,0,0,0,0,0,0,0,0,0,0,0,nan
MEM_TRANS_RETIRED.PRECISE_STORE,r02CD:u,206613,206613,206613,206613,206613,206613,206613,206614,206613,206613,206614,206613,206613,206614,206615,206613,206613,206613,206613,206614,206613,206613,206614,206613,206613,206613,206613,206613,206613,206613,206615,206613,206613,206613,206613,206614,206613,206613,206614,206614,0.116632429997
MEM_UOPS_RETIRED.LOADS,r01D0:u,0,0,0,0,0,0,0,0,0,0,0,0,0,0,0,0,0,0,0,0,0,0,0,0,0,0,0,0,0,0,0,0,0,0,0,0,0,0,0,0,nan
MEM_UOPS_RETIRED.STORES,r02D0:u,0,0,0,0,0,0,0,0,0,0,0,0,0,0,0,0,0,0,0,0,0,0,0,0,0,0,0,0,0,0,0,0,0,0,0,0,0,0,0,0,nan
MEM_UOPS_RETIRED.STLB_MISS,r10D0:u,0,0,0,0,0,0,0,0,0,0,0,0,0,0,0,0,0,0,0,0,0,0,0,0,0,0,0,0,0,0,0,0,0,0,0,0,0,0,0,0,nan
MEM_UOPS_RETIRED.LOCK,r20D0:u,0,0,0,0,0,0,0,0,0,0,0,0,0,0,0,0,0,0,0,0,0,0,0,0,0,0,0,0,0,0,0,0,0,0,0,0,0,0,0,0,nan
MEM_UOPS_RETIRED.SPLIT,r40D0:u,0,0,0,0,0,0,0,0,0,0,0,0,0,0,0,0,0,0,0,0,0,0,0,0,0,0,0,0,0,0,0,0,0,0,0,0,0,0,0,0,nan
MEM_UOPS_RETIRED.ALL,r80D0:u,0,0,0,0,0,0,0,0,0,0,0,0,0,0,0,0,0,0,0,0,0,0,0,0,0,0,0,0,0,0,0,0,0,0,0,0,0,0,0,0,nan
MEM_LOAD_UOPS_RETIRED.L1_HIT,r01D1:u,412875,412978,412945,412947,412986,412930,412924,412902,412875,412959,412962,412916,412928,412918,412958,412974,412932,412920,412893,412933,412941,412891,412904,412864,412854,412854,412911,412900,412918,412968,412923,412895,412932,412895,412955,412933,412922,412950,412908,412951,-0.19073246833
MEM_LOAD_UOPS_RETIRED.L2_HIT,r02D1:u,1215,1200,1223,1203,1225,1220,1246,1217,1243,1197,1225,1242,1245,1240,1220,1180,1244,1219,1212,1229,1187,1192,1218,1217,1271,1264,1245,1201,1286,1239,1230,1211,1220,1227,1208,1214,1233,1167,1213,1243,0.0853832600166
MEM_LOAD_UOPS_RETIRED.LLC_HIT,r04D1:u,626,812,336,525,774,750,614,591,771,605,632,713,641,747,683,948,715,701,826,837,558,631,776,634,492,610,750,531,578,923,754,753,597,705,640,700,565,658,660,592,0.165091667027
MEM_LOAD_UOPS_RETIRED.LLC_MISS,r20D1:u,0,6,0,5,0,7,0,0,0,0,0,0,0,0,0,0,6,0,0,0,0,0,0,6,0,0,5,0,0,0,0,0,6,0,6,0,0,0,6,6,-0.226999889514
MEM_LOAD_UOPS_RETIRED.HIT_LFB,r40D1:u,0,0,0,0,0,0,0,0,0,0,0,0,0,0,0,0,0,0,0,0,0,0,0,0,0,0,0,0,0,0,0,0,0,0,0,0,0,0,0,0,nan
MEM_LOAD_UOPS_LLC_HIT_RETIRED.XSNP_MISS,r01D2:u,0,0,0,0,0,0,0,0,0,0,0,0,0,0,0,0,0,0,0,0,0,0,0,0,0,0,0,0,0,0,0,0,0,0,0,0,0,0,0,0,nan
MEM_LOAD_UOPS_LLC_HIT_RETIRED.XSNP_HIT,r02D2:u,0,0,0,0,0,0,0,0,0,0,0,0,0,0,0,0,0,0,0,0,0,0,0,0,0,0,0,0,0,0,0,0,0,0,0,0,0,0,0,0,nan
MEM_LOAD_UOPS_LLC_HIT_RETIRED.XSNP_HITM,r04D2:u,1,0,9,7,1,2,5,14,9,0,0,1,4,3,10,2,1,3,2,2,10,6,7,6,2,3,4,2,18,17,13,3,3,1,1,2,3,3,1,1,-0.125014586961
MEM_LOAD_UOPS_LLC_HIT_RETIRED.XSNP_NONE,r08D2:u,519,658,749,744,757,759,678,570,553,723,864,871,697,651,706,866,788,684,742,800,547,801,832,759,489,505,628,866,654,504,717,1068,628,423,830,575,636,631,693,806,0.156542378777
MEM_LOAD_UOPS_LLC_MISS_RETIRED.LOCAL_DRAM,r01D3:u,6,9,37,10,7,9,7,7,15,8,9,5,6,6,34,10,14,10,8,14,8,24,8,8,12,5,16,20,124,14,53,8,18,5,12,4,14,18,7,9,-0.176577582759
BACLEARS.ANY,r1FE6:u,1459,1910,1734,1926,1918,1918,1913,1907,1798,1898,1778,1924,1935,1911,1520,1611,1920,1938,1925,1934,1927,1908,1919,1765,1766,1921,1769,1776,1487,1616,1594,1552,1632,1923,1909,1913,1299,1942,1920,1919,0.213988808292
L2_TRANS.DEMAND_DATA_RD,r01F0:u,1946,1933,1937,1943,1935,1962,1942,1934,1957,1932,1943,1929,1953,1940,1929,1919,1939,1951,1947,1948,1946,1950,1952,1940,1946,1926,1932,1937,1936,1934,1930,1930,1928,1945,1944,1949,1936,1960,1936,1939,0.0545844842752
L2_TRANS.RFO,r02F0:u,232,233,236,232,230,229,228,228,232,231,227,227,223,227,228,222,228,227,228,225,228,228,222,228,227,230,227,228,227,232,226,227,224,226,229,225,226,227,230,226,-0.383699318719
L2_TRANS.CODE_RD,r04F0:u,2261,2535,2547,2575,2564,2547,2555,2560,2492,2508,2469,2552,2549,2581,2303,2401,2539,2586,2559,2586,2560,2591,2565,2492,2464,2548,2525,2480,2321,2401,2350,2383,2421,2591,2573,2571,2200,2586,2589,2564,0.16100037995
L2_TRANS.ALL_PF,r08F0:u,2526,2806,2628,2774,2788,2740,2815,2763,2768,2710,2743,2820,2774,2816,2619,2633,2781,2812,2769,2843,2717,2832,2797,2745,2748,2794,2777,2779,2562,2666,2589,2632,2674,2814,2839,2847,2519,2825,2764,2772,0.220650800545
L2_TRANS.L1D_WB,r10F0:u,754,747,763,738,762,736,764,740,741,749,753,743,735,749,746,749,750,746,753,755,758,754,751,755,749,756,761,763,751,757,762,754,750,757,770,761,742,745,767,750,-0.201547591252
L2_TRANS.L2_FILL,r20F0:u,3151,3211,3164,3211,3206,3179,3269,3227,3186,3219,3207,3203,3181,3222,3117,3105,3225,3221,3213,3208,3234,3217,3216,3182,3202,3183,3223,3217,3218,3124,3215,3157,3166,3223,3269,3216,3149,3233,3229,3204,-0.0982750390334
L2_TRANS.L2_WB,r40F0:u,427,443,388,372,405,410,423,402,391,420,436,426,415,405,448,375,418,421,427,413,426,404,401,389,407,408,438,413,404,429,430,403,329,414,448,422,416,409,426,410,0.0576137450488
L2_TRANS.ALL_REQUESTS,r80F0:u,12287,12118,11895,12042,12273,11916,12374,12042,12026,12031,12534,12037,11911,12096,11405,14744,12176,12213,12185,12186,12231,12113,12158,11923,12071,11940,12066,12201,12190,11351,12196,13116,12577,12169,12436,12263,12117,12176,12236,12044,0.0750780056067
L2_LINES_IN.I,r01F1:u,22,22,22,22,22,22,22,22,22,22,22,22,22,22,22,22,22,22,22,22,22,22,22,22,22,22,22,22,22,22,22,22,22,22,22,22,22,22,22,22,nan
L2_LINES_IN.S,r02F1:u,2433,2312,2686,1960,2220,1913,2179,1685,2089,1972,1460,1464,2484,1965,2432,2709,2527,1678,1675,1937,2102,1427,1962,1935,2495,1396,1726,1943,1951,2433,2243,2502,2197,2770,1836,1953,1634,1984,2525,1405,-0.150037694685
L2_LINES_IN.E,r04F1:u,720,899,479,1253,987,1268,1091,1543,1099,1248,1749,1740,698,1258,686,397,699,1544,1540,1271,1133,1791,1254,1248,709,1788,1499,1276,1268,692,974,656,969,454,1434,1264,1516,1249,703,1801,0.135960152007
L2_LINES_IN.ALL,r07F1:u,3175,3234,3186,3235,3230,3202,3292,3250,3209,3242,3231,3226,3204,3245,3141,3129,3248,3243,3237,3231,3257,3240,3239,3205,3226,3206,3247,3242,3241,3147,3239,3179,3188,3245,3292,3239,3172,3255,3251,3228,-0.0961026282859
L2_LINES_OUT.DEMAND_CLEAN,r01F2:u,1421,1438,1401,1405,1430,1393,1444,1376,1414,1387,1411,1377,1402,1428,1405,1429,1420,1415,1432,1480,1394,1457,1379,1416,1405,1420,1412,1398,1414,1407,1414,1357,1428,1410,1384,1422,1396,1421,1425,1432,0.14028676809
L2_LINES_OUT.DEMAND_DIRTY,r02F2:u,203,202,214,211,212,207,221,214,187,219,209,212,197,200,206,162,225,218,205,202,207,200,211,200,219,206,199,218,204,209,192,205,196,200,203,195,206,197,188,214,0.00914584876974
L2_LINES_OUT.PF_CLEAN,r04F2:u,1391,1318,1387,1433,1392,1415,1364,1396,1456,1364,1402,1409,1416,1395,1323,1443,1337,1387,1409,1463,1433,1406,1367,1403,1390,1371,1404,1401,1349,1403,1440,1420,1374,1433,1452,1392,1417,1431,1464,1395,-0.096590646924
L2_LINES_OUT.PF_DIRTY,r08F2:u,194,184,207,197,187,199,196,222,196,190,198,210,199,195,211,155,203,200,184,194,199,183,206,201,209,196,206,209,219,188,192,204,182,205,218,209,193,199,196,192,-0.108092931136
L2_LINES_OUT.DIRTY_ALL,r0AF2:u,397,386,421,408,399,407,417,436,383,408,407,422,396,395,417,317,428,418,389,396,406,383,417,401,428,403,405,426,423,397,385,410,378,404,421,404,399,396,384,406,-0.0580601127106
